key,value,type
cacheMiss,1781248515,U64
cacheRefs,5670045201,U64
cpuClock,2055332433528,U64
cpuCycle,5310473388191,U64
instructions,5899348560672,U64
perfElapsedTime,2828627837,U64
taskClock,2055341803785,U64
95%latency,2689019847.000000,Double
errorBoundRatio,0.000000,Double
froError,0.000065,Double
throughput,0.724026,Double
throughputByElements,1482.805492,Double
