key,value,type
cacheMiss,39687154171,U64
cacheRefs,158541925519,U64
cpuClock,4184009990134,U64
cpuCycle,11268406765072,U64
instructions,9452693494631,U64
perfElapsedTime,6221802974,U64
taskClock,4184055838516,U64
95%latency,6219176845.000000,Double
errorBoundRatio,0.001566,Double
froError,0.002223,Double
throughput,0.792214,Double
throughputByElements,8393.510168,Double
