key,value,type
cacheMiss,1150165918,U64
cacheRefs,1548066454,U64
cpuClock,360063536187,U64
cpuCycle,969777272062,U64
instructions,2170913122599,U64
perfElapsedTime,360465873,U64
taskClock,360065877344,U64
95%latency,358930295.000000,Double
errorBoundRatio,0.000000,Double
froError,0.000113,Double
throughput,7.970261,Double
throughputByElements,22898.558488,Double
