key,value,type
cacheMiss,1112818001,U64
cacheRefs,2601154466,U64
cpuClock,114044999133,U64
cpuCycle,284867874758,U64
instructions,462161636353,U64
perfElapsedTime,114763831,U64
taskClock,114045636564,U64
95%latency,114761949.000000,Double
errorBoundRatio,0.000002,Double
froError,0.000003,Double
throughput,42.949776,Double
throughputByElements,455052.876455,Double
