key,value,type
cacheMiss,1136653325,U64
cacheRefs,1546603873,U64
cpuClock,359444997830,U64
cpuCycle,968121336067,U64
instructions,2166220721624,U64
perfElapsedTime,359800428,U64
taskClock,359447349030,U64
95%latency,358264915.000000,Double
errorBoundRatio,0.000000,Double
froError,0.000113,Double
throughput,7.984999,Double
throughputByElements,22940.902532,Double
