key,value,type
cacheMiss,2642268380,U64
cacheRefs,8516605867,U64
cpuClock,1000575727962,U64
cpuCycle,2694915065945,U64
instructions,8031520286580,U64
perfElapsedTime,1001139126,U64
taskClock,1000582016996,U64
95%latency,951544983.000000,Double
errorBoundRatio,0.000000,Double
froError,0.000002,Double
throughput,2.869733,Double
throughputByElements,8244.744024,Double
