key,value,type
cacheMiss,1565898903,U64
cacheRefs,8901537273,U64
cpuClock,394417629175,U64
cpuCycle,1062239724436,U64
instructions,1338468577577,U64
perfElapsedTime,1541491665,U64
taskClock,394423024165,U64
95%latency,1541490606.000000,Double
errorBoundRatio,0.000030,Double
froError,0.084864,Double
throughput,1.863780,Double
throughputByElements,5354.641130,Double
