key,value,type
cacheMiss,952060073,U64
cacheRefs,3347203037,U64
cpuClock,1246946997700,U64
cpuCycle,3223463682558,U64
instructions,3295316209624,U64
perfElapsedTime,1888944351,U64
taskClock,1246957219520,U64
95%latency,1797013756.000000,Double
errorBoundRatio,0.018064,Double
froError,0.744788,Double
throughput,0.899974,Double
throughputByElements,1529.955500,Double
