key,value,type
cacheMiss,14211921909,U64
cacheRefs,29281415195,U64
cpuClock,702767024223,U64
cpuCycle,1892789660223,U64
instructions,2436847099690,U64
perfElapsedTime,703322885,U64
taskClock,702770347426,U64
95%latency,703321717.000000,Double
errorBoundRatio,0.000000,Double
froError,0.000000,Double
throughput,4.367845,Double
throughputByElements,13418.018770,Double
