key,value,type
cacheMiss,1020764888,U64
cacheRefs,2568596169,U64
cpuClock,119347122311,U64
cpuCycle,298086068088,U64
instructions,472555193889,U64
perfElapsedTime,120117941,U64
taskClock,119347238491,U64
95%latency,120116063.000000,Double
errorBoundRatio,0.000000,Double
froError,0.000003,Double
throughput,41.035311,Double
throughputByElements,434769.119930,Double
