key,value,type
cacheMiss,2533872275,U64
cacheRefs,3236440268,U64
cpuClock,218234358068,U64
cpuCycle,586235609462,U64
instructions,162558373499,U64
perfElapsedTime,2622409576,U64
taskClock,218242904986,U64
95%latency,2622407722.000000,Double
errorBoundRatio,2.809689,Double
froError,3.988639,Double
throughput,1.879570,Double
throughputByElements,19914.048667,Double
