key,value,type
cacheMiss,929121035,U64
cacheRefs,12348261385,U64
cpuClock,368828495454,U64
cpuCycle,993370063148,U64
instructions,2910658327217,U64
perfElapsedTime,369100836,U64
taskClock,368830325314,U64
95%latency,350925021.000000,Double
errorBoundRatio,0.000007,Double
froError,0.008875,Double
throughput,5.548628,Double
throughputByElements,11363.589936,Double
