key,value,type
cacheMiss,1164008486,U64
cacheRefs,4066488442,U64
cpuClock,292392977179,U64
cpuCycle,773283800250,U64
instructions,463293919989,U64
perfElapsedTime,3512896541,U64
taskClock,292399745721,U64
95%latency,3511361013.000000,Double
errorBoundRatio,0.000029,Double
froError,0.082709,Double
throughput,0.817844,Double
throughputByElements,2349.665248,Double
