key,value,type
cacheMiss,2405532206,U64
cacheRefs,8635013619,U64
cpuClock,184458586761,U64
cpuCycle,496824151415,U64
instructions,722081836128,U64
perfElapsedTime,184750823,U64
taskClock,184459357361,U64
95%latency,184750073.000000,Double
errorBoundRatio,0.000000,Double
froError,0.000000,Double
throughput,11.085246,Double
throughputByElements,22702.583722,Double
