key,value,type
cacheMiss,143669441,U64
cacheRefs,31246867526,U64
cpuClock,238229823092,U64
cpuCycle,641654234371,U64
instructions,1652421822427,U64
perfElapsedTime,238600440,U64
taskClock,238231072560,U64
95%latency,238599285.000000,Double
errorBoundRatio,0.002717,Double
froError,0.427240,Double
throughput,12.875143,Double
throughputByElements,39552.440402,Double
