key,value,type
cacheMiss,14412616996,U64
cacheRefs,29287591336,U64
cpuClock,720291974431,U64
cpuCycle,1940030315184,U64
instructions,2436994815326,U64
perfElapsedTime,720932093,U64
taskClock,720294857267,U64
95%latency,720874910.000000,Double
errorBoundRatio,0.000000,Double
froError,0.000000,Double
throughput,4.261488,Double
throughputByElements,13091.292080,Double
