key,value,type
cacheMiss,14935169295,U64
cacheRefs,29303977387,U64
cpuClock,742015012190,U64
cpuCycle,1998538119018,U64
instructions,2437034008628,U64
perfElapsedTime,742663906,U64
taskClock,742018041195,U64
95%latency,742606473.000000,Double
errorBoundRatio,0.002707,Double
froError,0.425624,Double
throughput,4.136781,Double
throughputByElements,12708.189792,Double
