key,value,type
cacheMiss,16065316606,U64
cacheRefs,29307862183,U64
cpuClock,714722304469,U64
cpuCycle,1924977983996,U64
instructions,2437133800324,U64
perfElapsedTime,715345100,U64
taskClock,714725608061,U64
95%latency,715343971.000000,Double
errorBoundRatio,0.000000,Double
froError,0.000000,Double
throughput,4.294438,Double
throughputByElements,13192.512110,Double
