key,value,type
cacheMiss,17657525071,U64
cacheRefs,77363486506,U64
cpuClock,4247027532115,U64
cpuCycle,11438865172862,U64
instructions,21941707431980,U64
perfElapsedTime,4249761908,U64
taskClock,4247052608329,U64
95%latency,4247135746.000000,Double
errorBoundRatio,0.704423,Double
froError,1.000000,Double
throughput,1.159830,Double
throughputByElements,12288.399540,Double
