key,value,type
cacheMiss,2105765516,U64
cacheRefs,31077876351,U64
cpuClock,276146269959,U64
cpuCycle,743770172945,U64
instructions,1652453597389,U64
perfElapsedTime,276541931,U64
taskClock,276147871574,U64
95%latency,276540760.000000,Double
errorBoundRatio,0.000000,Double
froError,0.000097,Double
throughput,11.108670,Double
throughputByElements,34125.833747,Double
