key,value,type
cacheMiss,814429711,U64
cacheRefs,30748948206,U64
cpuClock,254679486103,U64
cpuCycle,685959803815,U64
instructions,1652414339014,U64
perfElapsedTime,255069750,U64
taskClock,254680665730,U64
95%latency,255068600.000000,Double
errorBoundRatio,0.000000,Double
froError,0.000327,Double
throughput,12.043819,Double
throughputByElements,36998.611354,Double
