key,value,type
cacheMiss,1242927974,U64
cacheRefs,4062683362,U64
cpuClock,293450762416,U64
cpuCycle,776031734114,U64
instructions,463029392253,U64
perfElapsedTime,3526188802,U64
taskClock,293459490701,U64
95%latency,3526187730.000000,Double
errorBoundRatio,0.000029,Double
froError,0.083637,Double
throughput,0.814761,Double
throughputByElements,2340.808157,Double
