key,value,type
cacheMiss,3994910002,U64
cacheRefs,4523582298,U64
cpuClock,2035412165956,U64
cpuCycle,5482081755694,U64
instructions,14940252417987,U64
perfElapsedTime,2036842450,U64
taskClock,2035425566097,U64
95%latency,2034216355.000000,Double
errorBoundRatio,0.704423,Double
froError,1.000000,Double
throughput,2.419924,Double
throughputByElements,25639.090505,Double
