key,value,type
cacheMiss,1458623345,U64
cacheRefs,1549006423,U64
cpuClock,346941577734,U64
cpuCycle,934443297792,U64
instructions,1992835366811,U64
perfElapsedTime,347346250,U64
taskClock,346943834896,U64
95%latency,347345134.000000,Double
errorBoundRatio,0.000000,Double
froError,0.000113,Double
throughput,8.271312,Double
throughputByElements,23763.479583,Double
