key,value,type
cacheMiss,1312920018,U64
cacheRefs,1542946598,U64
cpuClock,340677305004,U64
cpuCycle,917580018694,U64
instructions,1992778645648,U64
perfElapsedTime,341091353,U64
taskClock,340679353929,U64
95%latency,341090260.000000,Double
errorBoundRatio,0.000000,Double
froError,0.000000,Double
throughput,8.422990,Double
throughputByElements,24199.251541,Double
