key,value,type
branchIns,2574164271979,U64
fpScalar,514811918790,U64
fpVector,0,U64
instructions,21622560549910,U64
memLoad,9009484070488,U64
memStore,4118609079267,U64
perfElapsedTime,4160739652,U64
95%latency,4160737781.000000,Double
errorBoundRatio,0.000000,Double
froError,0.000000,Double
throughput,1.184646,Double
throughputByElements,12551.320883,Double
