key,value,type
cacheMiss,2505735614,U64
cacheRefs,3265081471,U64
cpuClock,218350736101,U64
cpuCycle,586884357681,U64
instructions,163461717215,U64
perfElapsedTime,2620749126,U64
taskClock,218357708229,U64
95%latency,2618122999.000000,Double
errorBoundRatio,0.704417,Double
froError,0.999992,Double
throughput,1.880761,Double
throughputByElements,19926.662114,Double
