key,value,type
cacheMiss,1794685696,U64
cacheRefs,30918586737,U64
cpuClock,306667156515,U64
cpuCycle,825978151653,U64
instructions,1848368573092,U64
perfElapsedTime,307085051,U64
taskClock,306668685844,U64
95%latency,305473396.000000,Double
errorBoundRatio,0.000000,Double
froError,0.000327,Double
throughput,10.003805,Double
throughputByElements,30731.689847,Double
