key,value,type
cacheMiss,1286567741,U64
cacheRefs,1563108620,U64
cpuClock,340625270388,U64
cpuCycle,917430623018,U64
instructions,1992968922631,U64
perfElapsedTime,341042369,U64
taskClock,340627215387,U64
95%latency,341041300.000000,Double
errorBoundRatio,0.000000,Double
froError,0.000000,Double
throughput,8.424200,Double
throughputByElements,24202.725594,Double
