key,value,type
cacheMiss,1014899187,U64
cacheRefs,1548619197,U64
cpuClock,323852970919,U64
cpuCycle,872259016438,U64
instructions,1992861548273,U64
perfElapsedTime,324260365,U64
taskClock,323855098607,U64
95%latency,324259274.000000,Double
errorBoundRatio,0.000000,Double
froError,0.000000,Double
throughput,8.860194,Double
throughputByElements,25455.336707,Double
