key,value,type
cacheMiss,4273540221,U64
cacheRefs,45006918080,U64
cpuClock,1391053312176,U64
cpuCycle,3746595708891,U64
instructions,10066645973624,U64
perfElapsedTime,1391861400,U64
taskClock,1391061832210,U64
95%latency,1323352815.000000,Double
errorBoundRatio,0.000000,Double
froError,0.000097,Double
throughput,2.207118,Double
throughputByElements,6780.265631,Double
