key,value,type
cacheMiss,17655623869,U64
cacheRefs,78677674585,U64
cpuClock,4246656493325,U64
cpuCycle,11437745039697,U64
instructions,21928460234690,U64
perfElapsedTime,4249426413,U64
taskClock,4246685079159,U64
95%latency,4246800255.000000,Double
errorBoundRatio,0.704423,Double
froError,1.000000,Double
throughput,1.159922,Double
throughputByElements,12289.369524,Double
