key,value,type
cacheMiss,2083103787,U64
cacheRefs,5027100848,U64
cpuClock,410791694696,U64
cpuCycle,1061461421367,U64
instructions,783023967840,U64
perfElapsedTime,5159779153,U64
taskClock,411252368899,U64
95%latency,5158168540.000000,Double
errorBoundRatio,0.000027,Double
froError,0.081203,Double
throughput,0.595374,Double
throughputByElements,1828.990214,Double
