key,value,type
cacheMiss,14559748383,U64
cacheRefs,29275513937,U64
cpuClock,734838031773,U64
cpuCycle,1979186254741,U64
instructions,2620633235786,U64
perfElapsedTime,735432554,U64
taskClock,734841254237,U64
95%latency,733821936.000000,Double
errorBoundRatio,0.000000,Double
froError,0.000313,Double
throughput,4.177138,Double
throughputByElements,12832.168751,Double
