key,value,type
cacheMiss,17417901312,U64
cacheRefs,57986693816,U64
cpuClock,4145036778312,U64
cpuCycle,11164190435763,U64
instructions,21631512553786,U64
perfElapsedTime,4147617570,U64
taskClock,4145061883951,U64
95%latency,4147615692.000000,Double
errorBoundRatio,0.000043,Double
froError,1.000000,Double
throughput,1.188394,Double
throughputByElements,12591.030336,Double
