key,value,type
cacheMiss,4007869151,U64
cacheRefs,4613412430,U64
cpuClock,1986381042342,U64
cpuCycle,5350078294784,U64
instructions,14645316747449,U64
perfElapsedTime,1987767743,U64
taskClock,1986392600213,U64
95%latency,1987765885.000000,Double
errorBoundRatio,0.704423,Double
froError,1.000000,Double
throughput,2.479668,Double
throughputByElements,26272.085357,Double
