key,value,type
cacheMiss,4109159329,U64
cacheRefs,4819041263,U64
cpuClock,1969379481110,U64
cpuCycle,5304243017687,U64
instructions,14644997419392,U64
perfElapsedTime,1970818663,U64
taskClock,1969392229046,U64
95%latency,1970816796.000000,Double
errorBoundRatio,0.002384,Double
froError,0.003385,Double
throughput,2.500994,Double
throughputByElements,26498.026151,Double
