key,value,type
cacheMiss,17685340929,U64
cacheRefs,93286233412,U64
cpuClock,4223614580044,U64
cpuCycle,11375734258464,U64
instructions,21631177835330,U64
perfElapsedTime,4226297220,U64
taskClock,4223642966908,U64
95%latency,4226295310.000000,Double
errorBoundRatio,0.000000,Double
froError,0.000000,Double
throughput,1.166270,Double
throughputByElements,12356.627062,Double
