key,value,type
cacheMiss,9349310025,U64
cacheRefs,38219599281,U64
cpuClock,521264503870,U64
cpuCycle,1403816719062,U64
instructions,1547594712821,U64
perfElapsedTime,1755276579,U64
taskClock,521272990685,U64
95%latency,1755275461.000000,Double
errorBoundRatio,0.000026,Double
froError,0.080437,Double
throughput,1.750153,Double
throughputByElements,5376.468942,Double
