key,value,type
cacheMiss,8488561013,U64
cacheRefs,38094091838,U64
cpuClock,502341693479,U64
cpuCycle,1352873943588,U64
instructions,1547434855604,U64
perfElapsedTime,1734550443,U64
taskClock,502346056165,U64
95%latency,1732939824.000000,Double
errorBoundRatio,0.000027,Double
froError,0.081536,Double
throughput,1.771065,Double
throughputByElements,5440.711607,Double
